index	subject
9000	아키타입
9001	아탈리아
9002	어트랙트 인히비터
9003	어비스
9004	폭풍 속은 어두웠고…
9005	알베도
9006	알베도의 기체
9007	알렌 리즐리
9008	앤드루
9009	안드로이드
9010	앰플리파이어
9011	ＥＣＭ
9012	ＥＰＲ 패러독스
9013	ＥＰＲ 레이더
9014	의식 영역의 방벽
9015	이능자
9016	인터커넥션
9017	인터링크
9018	반다캄 소령
9019	Ｖ４ 영역
9020	빌헬름
9021	웨이브 라이드
9022	벡터 인더스트리
9023	벡터 함선부
9024	벡터 제１ 개발국
9025	벡터 제２ 개발국
9026	벡터 제３ 개발국
9027	웰스 소설 외계인
9028	보클린데
9029	Ｕ<CTL:1901>А<CTL:1900>ＤＯ
9030	Ａ<CTL:1901>．<CTL:1900>Ｇ<CTL:1901>．<CTL:1900>Ｗ<CTL:1901>．<CTL:1900>Ｓ<CTL:1901>．<CTL:1900>
9031	Ａ<CTL:1901>．<CTL:1900>Ｇ<CTL:1901>．<CTL:1900>Ｗ<CTL:1901>．<CTL:1900>Ｓ<CTL:1901>．<CTL:1900>（２편）
9032	에테르
9033	Ｓ<CTL:1901>．<CTL:1900>Ｍ<CTL:1901>．<CTL:1900>Ｓ<CTL:1901>．<CTL:1900> 식별 시그널
9034	이머전시 레벨 ３
9035	에뮬레이터
9036	Ｍ<CTL:1901>．<CTL:1900>Ｗ<CTL:1901>．<CTL:1900>Ｓ<CTL:1901>．<CTL:1900>
9037	ＭＴ 영역
9038	엘자
9039	ＬＰＳ
9040	인바이어런먼털 버그
9041	엔세페론
9042	오테크
9043	가이난 쿠카이
9044	가이난 쿠카이（２편）
9045	카운슬러
9046	카운터테러
9047	격리 격납고
9048	가능성 사상
9049	화물 중량
9050	카레
9051	함포를 쏠 수가 없다
9052	기화 탄두
9053	규약 위반
9054	구 미르치아
9055	국장
9056	키르슈바서
9057	긴급 상황 시 연방 헌장
9058	킨들링
9059	쿠카이 파운데이션
9060	쿠카이 파운데이션（２편）
9061	그노시스
9062	케이오스
9063	케이지 파티션
9064	게이트 아웃
9065	게이트 점프
9066	그다랴
9067	게놈의 다양성
9068	케빈
9069	켈티아
9070	환각과 현실
9071	원종 보호법
9072	교역용 칼럼
9073	광자 어뢰
9074	ＫＯＳ<CTL:1901>А<CTL:1900>ＭＯＳ
9075	커넥션 기어
9076	커머셜 모델
9077	불량배
9078	콘덴서
9079	재생업자
9080	사이보그
9081	소더비스
9082	분산적인 현상
9083	Ｇ형 타깃 드론
9084	제너레이터
9085	셸리
9086	지오데식 구조체
9087	시온 우즈키
9088	시온의 아버지
9089	자아 동일성의 확산
9090	지기
9091	ＤＩＧ<CTL:1901>А<CTL:1900>β
9092	지구라트 인더스트리
9093	Ｚｉｇｇｕｒａｔ８
9094	자치주
9095	중증 신경증 치료 시설
9096	１２사도
9097	출발한 시점부터 꾸며져 있었다…
9098	Ｊｒ<CTL:1901>．<CTL:1900>
9099	Ｊｒ<CTL:1901>．<CTL:1900>（２편）
9100	Ｊｒ<CTL:1901>．<CTL:1900>와 알베도의 힘
9101	충각
9102	소령
9103	상품 관리용 긴급 제어 코드
9104	소행성 플레로마
9105	아침놀
9106	책벌레
9107	자율 모드
9108	인격 교정 시설
9109	추기원
9110	추기원 의장
9111	스파이스 시스터즈
9112	성단 연방
9113	접촉 소위원회
9114	절대 좌표
9115	세니르
9116	셀러스
9117	셀프 클로닝 완료 통지
9118	전기연
9119	전후 보상
9120	전투용 리얼리언
9121	상전이포
9122	조물주와 피조물
9123	조하르
9124	타깃 드론
9125	제１１７ 해병 사단
9126	제７종 인격 교정 처치
9127	제２종 장비
9128	제２ 미르치아
9129	다이렉트 어프로치
9130	더미 프로토콜
9131	한 알의 밀이 땅에 떨어져……
9132	전세편
9133	중앙 전뇌 피에타
9134	초광역 힐베르트
9135	조정 탱크
9136	소알 사변
9137	ＤＭＥ 중독
9138	Ｄ<CTL:1901>．<CTL:1900>Ｓ<CTL:1901>．<CTL:1900>Ｓ<CTL:1901>．<CTL:1900>Ｓ<CTL:1901>．<CTL:1900>
9139	테세도어
9140	뒤랑달
9141	텔로머레이스
9142	전이파
9143	전송 시스템
9144	하늘의 바퀴
9145	투르카나 호수
9146	토가시
9147	토니
9148	드래곤 스컬
9149	ＡＡＡ 클래스의 공적 프로텍트
9150	내던져진 헤드기어
9151	나타라자
9152	나노 치료
9153	나노 머신
9154	오빠
9155	２국이 보낸 ＫＯＳ<CTL:1901>А<CTL:1900>ＭＯＳ 장비 요항
9156	니그레도
9157	넥서스 ６
9158	네피림
9159	네피림의 노랫소리
9160	네로
9161	염화
9162	버질 중위
9163	버질 중위（２편）
9164	양쪽에 걸린 프로텍트
9165	하이퍼스페이스
9166	하이퍼스페이스 내 전투
9167	묘
9168	백화
9169	해머
9170	배리언트
9171	파워 로더
9172	ＰＭ
9173	ＰＴ 카트리지
9174	붉은 외투의 남자
9175	이마의 마킹
9176	백식 관측기
9177	백식 리얼리언
9178	힐베르트 이펙트
9179	바인딩
9180	팩토리 로드
9181	피팅룸
9182	피프스 예루살렘
9183	페브로니아
9184	회선 폭주
9185	프라이머 워킹
9186	블랙박스
9187	플랜 ３１
9188	플랜 ４０１
9189	프로큐레이터
9190	프로젝트 조하르
9191	페셰
9192	페셰（죄）
9193	베티
9194	헬머
9195	펠레그리
9196	펜필드 매핑
9197	법사
9198	포터
9199	보로메오 대학
9200	책
9201	마굴리스
9202	매슈스
9203	마리엔킨트
9204	미즈라히 뇌물리학 연구소
9205	미유키
9206	미르치아
9207	미르치아 헌장
9208	미르치아 분쟁
9209	메리
9210	모모
9211	모리야마 함장
9212	약한 자여……
9213	Ｕ<CTL:1901>．<CTL:1900>Ｒ<CTL:1901>．<CTL:1900>Ｔ<CTL:1901>．<CTL:1900>Ｖ<CTL:1901>．<CTL:1900>
9214	ＵＮＰ
9215	Ｕ<CTL:1901>．<CTL:1900>Ｍ<CTL:1901>．<CTL:1900>Ｎ<CTL:1901>．<CTL:1900>
9216	Ｕ<CTL:1901>．<CTL:1900>Ｍ<CTL:1901>．<CTL:1900>Ｎ<CTL:1901>．<CTL:1900> 관리 센터
9217	Ｕ<CTL:1901>．<CTL:1900>Ｍ<CTL:1901>．<CTL:1900>Ｎ<CTL:1901>．<CTL:1900> 전이 칼럼
9218	Ｕ<CTL:1901>．<CTL:1900>Ｍ<CTL:1901>．<CTL:1900>Ｎ<CTL:1901>．<CTL:1900> 펄스
9219	Ｕ<CTL:1901>А<CTL:1900>ＴＩＣ 기관
9220	유리 미즈라히
9221	요아킴 미즈라히
9222	억제제，빼먹지 말고 제대로 맞아……
9223	４７４ 특무 함대
9224	４００번대 프로그램
9225	라이프 포드
9226	라이프 리사이클 변이체
9227	라이프 리사이클법
9228	라인의 처녀
9229	라피스 로만 대위
9230	라비린토스
9231	리액터 룸
9232	리얼 모드
9233	리로드
9234	루베도
9235	리얼리언
9236	연결 실험 준비
9237	연방 함대
9238	연방 함대 사령관
9239	연방 의회
9240	연방 경찰
9241	로지컬 드라이브
9242	로스트 예루살렘
9243	Ｙ 자료
9244	행성 아리아드네
